Index,"B-cell non-Hodgkin lymphoma, blood","chronic lymphocytic leukemia, blood","lymphoma, blood","chromophobe renal cell carcinoma, kidney","renal cell carcinoma, kidney","cholangiocarcinoma, liver","hepatocellular carcinoma, liver","lung adenocarcinoma, lung","squamous cell lung carcinoma, lung","ovarian adenocarcinoma, ovary","pancreatic adenocarcinoma, pancreas","prostate adenocarcinoma, prostate gland","gastric adenocarcinoma, stomach","follicular thyroid carcinoma, thyroid gland","bladder transitional cell carcinoma, urinary bladder","endometrial adenocarcinoma, uterus",variance
ENSG00000188536/HBA2,-14.804004941233497,-15.956008034678547,-16.540970535399705,-0.4594316186372972,0.2630344058337938,-1.0,-1.8073549220576042,-3.6244908649077936,-4.426264754702098,-2.807354922057604,-2.0,-5.643856189774724,-5.149747119504682,-1.8744691179161412,-2.700439718141092,0.41503749927884376,32.29863681437538
ENSG00000244734/HBB,-14.426240180971723,-14.841277680250567,-16.426240180971725,-1.1805722456418208,-0.11864449649861908,-1.3219280948873622,-2.0,-3.7459543773934607,-4.078002512001273,-2.321928094887362,-0.6780719051126377,-5.321928094887363,-5.087462841250339,-2.338801913451759,-1.6520766965796931,-1.0,29.27564538475195
ENSG00000163220/S100A9,-9.270174475811668,-11.543192970218085,-11.128155470939241,-1.84799690655495,0.2515387669959644,-0.08746284125033943,0.11547721741993588,0.3494491576512671,0.5879463591599775,1.3356030317844387,0.6100534816839867,-0.12553088208385899,-8.066460397211625,0.22239242133644802,2.9541963103868754,3.9068905956085187,25.021227779342166
ENSG00000206172/HBA1,-12.238180793699572,-12.653218292978416,-14.238180793699572,0.0,0.0,-1.0,-1.5145731728297582,-2.807354922057604,-4.22881869049588,-2.584962500721156,-2.321928094887362,-2.0995356735509145,-5.285402218862249,-1.0,-2.321928094887362,-1.0,21.80078679564344
ENSG00000103569/AQP9,-8.872125177447842,-11.679480099505446,-10.679480099505446,-1.584962500721156,1.1699250014423124,-4.817623257511431,-0.7618402628052354,-2.4594316186372973,-1.7369655941662063,3.321928094887362,3.321928094887362,-3.3219280948873626,1.3219280948873624,-1.0,0.584962500721156,-5.54432051622381,21.24611511114357
ENSG00000143546/S100A8,-8.015879613666145,-9.600842114387302,-10.600842114387302,-1.5849625007211563,0.22239242133644802,-0.5849625007211563,-1.5849625007211563,-1.857980995127572,-0.3025627700204312,0.48542682717024166,-0.7369655941662062,0.0,-9.734709620225837,-1.0,0.7548875021634686,3.321928094887362,18.78493483084698
ENSG00000018280/SLC11A1,-9.756556322524087,-8.434628227636725,-10.756556322524087,-1.584962500721156,1.7369655941662063,2.321928094887362,0.0,-2.321928094887362,-2.807354922057604,0.0,1.0,1.0,2.169925001442312,0.0,1.0,2.0,18.708486014802368
ENSG00000187116/LILRA5,-9.200489967437386,-9.785452468158542,-10.785452468158542,-1.5849625007211563,1.0,-0.15200309344504995,-1.0,-2.321928094887362,-2.0,0.415037499278844,1.7369655941662063,1.584962500721156,1.0,-0.41503749927884404,-1.2223924213364479,2.0,17.60005695921255
ENSG00000259001/AL355075.4,-0.5849625007211563,-1.5849625007211563,-2.584962500721156,-1.5145731728297582,-0.5849625007211563,1.7369655941662063,0.32192809488736235,0.0,-0.5849625007211563,2.584962500721156,15.686883473369273,-1.0,0.7004397181410922,-0.22239242133644782,1.7369655941662063,-0.8930847960834881,17.52256277352461
ENSG00000119535/CSF3R,-8.640244936222345,-10.640244936222345,-9.792248029667396,-0.7369655941662062,2.0,0.5849625007211562,-0.7369655941662062,-1.7369655941662063,-3.700439718141092,0.32192809488736235,0.36257007938470837,2.0,0.5145731728297582,0.7369655941662062,-1.0,0.2630344058337938,17.000334681399718
ENSG00000158825/CDA,-7.914385132155443,-10.914385132155443,-8.59245703726808,0.41503749927884376,-0.2630344058337938,-1.6629650127224294,-1.222392421336448,2.0,-0.5849625007211563,0.32192809488736235,3.321928094887362,1.0,-3.5391588111080314,1.584962500721156,0.0,0.41503749927884376,16.71414658392381
ENSG00000169385/RNASE2,-8.00842862207058,-10.00842862207058,-9.00842862207058,0.0,2.321928094887362,1.3219280948873624,1.584962500721156,1.0,0.5849625007211562,0.7369655941662062,1.0,0.584962500721156,2.321928094887362,0.0,0.0,0.2630344058337938,16.610325051461572
ENSG00000196533/ENSG00000196533,4.7369655941662066,5.906890595608519,4.906890595608519,-5.321928094887363,2.321928094887362,1.3219280948873624,0.807354922057604,-0.5849625007211563,-1.3219280948873622,8.643856189774725,0.22239242133644802,-6.321928094887363,-0.4854268271702417,0.5849625007211562,-2.736965594166206,4.426264754702098,16.247670406816045
ENSG00000197249/SERPINA1,-5.581953750848818,-9.225809940623542,-6.318919345015024,-4.938599455335857,1.142019004872428,-2.563387936550201,-0.17920419476859656,-0.40087943628218436,-3.4109331009461075,3.321928094887362,2.647698256069119,-4.643856189774724,-1.0853914912306446,3.807354922057604,1.15200309344505,2.321928094887362,15.0953333423987
ENSG00000171051/FPR1,-6.930737337562886,-11.837627933171404,-6.930737337562886,-2.0,1.584962500721156,0.0,-1.7369655941662063,-1.5849625007211563,-2.502500340529183,1.0,2.321928094887362,1.584962500721156,1.0,0.1926450779423961,-0.7369655941662062,0.7369655941662062,14.920118235707724
ENSG00000173110/HSPA6,-6.714245517666122,-10.036173612553485,-8.451211111832329,0.7369655941662062,1.7369655941662063,1.0,0.0,0.5849625007211562,0.5849625007211562,1.5145731728297582,1.7369655941662063,1.3219280948873624,1.0,0.0,1.0,0.7369655941662062,14.740447517475864
ENSG00000269900/RMRP,0.32192809488736235,-0.4150374992788438,-1.0,-0.5849625007211563,1.3219280948873624,1.7369655941662063,1.0,0.5849625007211562,-1.0,1.584962500721156,14.879528551311669,-0.5849625007211563,-1.5545888516776374,1.0,1.584962500721156,-1.0995356735509143,14.691187788437357
ENSG00000171236/LRG1,-7.423466121349424,-10.00842862207058,-6.6865005271832185,-3.321928094887362,2.0995356735509145,-3.3074285251922473,-0.20435849850618626,1.2801079191927351,-0.8073549220576042,2.959358015502654,-0.777607578663552,-1.3785116232537298,-0.3219280948873623,3.321928094887362,0.19264507794239583,-0.13750352374993496,14.238446373138782
ENSG00000166825/ANPEP,-4.754887502163468,-6.854423175714383,-6.339850002884625,-5.022367813028454,-1.1034295896554056,0.14438990933517493,0.3882705897160584,-1.8073549220576042,-2.415037499278844,3.0,-5.2542412873757876,3.9772799234999163,-6.73809225962049,0.0,-1.5849625007211563,4.321928094887363,13.873758467252049
ENSG00000272098/ENSG00000272098,-8.26052755022322,-7.845490050944375,-8.845490050944376,-0.6780719051126377,1.584962500721156,0.7369655941662062,0.584962500721156,1.0,1.584962500721156,-1.3219280948873622,-3.9068905956085187,1.0,-2.0,0.36257007938470837,1.0,1.3219280948873624,13.682519774627524
ENSG00000140932/CMTM2,-9.07681559705083,-9.07681559705083,-9.07681559705083,-1.0,0.584962500721156,0.584962500721156,0.0,-1.584962500721156,-2.0,-1.0,-0.5849625007211561,0.0,0.584962500721156,1.0,0.0,0.0,13.289997871606369
ENSG00000136689/IL1RN,-5.20945336562895,-8.531381460516313,-5.946418959795156,-2.0,1.0,-1.3923174227787605,-0.5025003405291831,-0.4150374992788438,2.415037499278844,3.321928094887362,4.491853096329675,-2.8365012677171206,-5.417852514885898,0.0,0.6280312226130421,1.584962500721156,13.192209996735352
ENSG00000202198/7SK,-0.4150374992788438,-1.4854268271702418,-2.807354922057604,-0.15200309344504995,0.6780719051126377,2.584962500721156,0.2630344058337938,0.0,-0.5305147166987798,-0.16992500144231246,13.400597817679696,-1.4854268271702418,-0.7212839719339365,-0.19264507794239588,1.4594316186372973,-0.9682911402726619,13.174715839900516
ENSG00000263934/SNORD3A,3.0,4.906890595608519,1.0,-0.3219280948873623,-1.0,1.3219280948873624,-0.5849625007211563,1.7369655941662063,1.7369655941662063,2.0,13.68266546424581,-1.0,2.1154772174199357,-2.3219280948873626,2.736965594166206,2.222392421336448,13.123618517339796
ENSG00000167644/C19orf33,-2.321928094887362,-2.321928094887362,-3.321928094887362,-4.196397212803504,2.807354922057604,7.409390936137702,-0.5849625007211561,-0.38702312310924736,-0.7062687969432897,7.022367813028454,5.857980995127572,-1.7369655941662063,-0.8029631529404464,1.7369655941662063,1.2496138900714722,-0.21572869105543707,12.632625470551426
ENSG00000175793/SFN,-2.321928094887362,-1.7369655941662063,-3.321928094887362,-4.058893689053568,0.7369655941662062,5.643856189774724,4.906890595608519,2.153246260295682,3.440014164810057,4.54432051622381,5.129283016944966,2.7935491225325735,-2.928741316830178,2.8365012677171206,2.65422516315827,6.672425341971495,12.384676625387831
ENSG00000224397/SMIM25,-6.066089190457772,-8.388017285345136,-6.066089190457772,-0.5849625007211561,2.321928094887362,0.5145731728297582,-1.0,-2.502500340529183,-3.0,2.321928094887362,2.321928094887362,0.0,2.736965594166206,0.7369655941662062,0.584962500721156,3.0,12.246637374738535
ENSG00000143320/CRABP2,0.0,-1.0,1.3219280948873624,-4.321928094887363,-1.9068905956085185,3.321928094887362,0.415037499278844,5.870364719583405,4.169925001442312,6.54946381949977,3.959358015502654,-2.070389327891398,-6.124121311829188,2.2954558835261714,1.0243841586269593,0.0,12.226887109035095
ENSG00000121552/CSTA,-0.3219280948873623,-6.643856189774724,0.43295940727610627,-0.41503749927884404,2.321928094887362,-0.4150374992788438,1.0,-1.7369655941662063,2.8804183842473274,-1.222392421336448,1.9068905956085185,-0.4854268271702417,-9.826548487290914,-0.4854268271702417,2.8650704199138914,3.169925001442312,11.990697549381679
ENSG00000170835/CEL,-2.0,-2.0,-2.0,0.8073549220576041,-4.906890595608519,1.807354922057604,1.0,-0.5849625007211561,1.584962500721156,-2.321928094887362,-12.165221068220944,-3.0,-1.3219280948873622,1.0,1.1699250014423124,-3.700439718141092,11.98102901134167
ENSG00000196754/S100A2,-1.0,-1.0,-1.0,-4.142957953842043,-3.643856189774725,4.321928094887363,1.0,1.8073549220576042,4.797012977836145,4.700439718141092,3.321928094887362,-0.8073549220576042,-7.066089190457772,1.0,3.1055344141723578,3.15200309344505,11.941626041654024
ENSG00000133392/MYH11,0.0,-0.7369655941662062,3.169925001442312,-3.0,0.0,1.736965594166206,0.7369655941662062,-2.6629650127224296,-3.115477217419936,-6.6911619045530815,1.584962500721156,-0.7177361226861534,-4.7900769306257684,-2.807354922057604,-9.041659151637214,-6.321928094887363,11.575978770624747
ENSG00000100504/PYGL,-6.044394119358453,-10.366322214245816,-6.044394119358453,-2.584962500721156,2.1154772174199357,-1.8930847960834882,-0.06413033741971558,0.36257007938470837,0.41503749927884376,0.15200309344505006,1.8073549220576042,-1.8744691179161412,-2.1699250014423126,0.0,1.0,1.0,11.501386469663261
ENSG00000038427/VCAN,-3.1699250014423126,-7.491853096329675,-1.84799690655495,-2.0,3.9068905956085187,3.643856189774725,0.7369655941662062,0.8073549220576041,-0.16992500144231246,3.0,6.625708843064465,0.0,2.700439718141092,-0.16992500144231226,0.0,3.736965594166206,11.39341396113807
ENSG00000239998/LILRA2,-6.965784284662087,-8.550746785383243,-7.550746785383243,-0.41503749927884404,2.321928094887362,-0.2630344058337938,-1.2223924213364479,-1.9068905956085185,-3.0,1.807354922057604,1.0,1.584962500721156,0.0,0.584962500721156,-2.321928094887362,-1.0,11.333972028541613
ENSG00000112782/CLIC5,2.0,2.0,2.0,-4.906890595608519,-4.906890595608519,0.0,0.0,-4.954196310386875,-5.714245517666122,5.643856189774724,3.321928094887362,1.584962500721156,-2.0,-1.0,-1.584962500721156,-2.3219280948873626,11.220920508370943
ENSG00000008516/MMP25,-6.486499861835468,-10.393390457443987,-6.071462362556624,-1.584962500721156,2.0,0.0,0.0,-0.6780719051126377,-1.0,0.0,-1.2223924213364479,1.3219280948873624,-0.5145731728297583,-0.5849625007211561,0.0,1.584962500721156,11.093049453143626
ENSG00000132744/ACY3,5.78135971352466,2.0,7.409390936137702,-6.491853096329675,-1.0809199953835675,-1.0,-0.4594316186372972,2.736965594166206,-0.807354922057604,3.169925001442312,-2.321928094887362,-0.5849625007211561,-2.473931188332412,0.0,0.584962500721156,1.3219280948873624,11.012968185581656
ENSG00000136960/ENPP2,6.845490050944375,2.321928094887362,8.103287808412022,-0.9385994553358568,0.15200309344505006,-0.5849625007211563,0.8073549220576041,-1.3785116232537298,-5.2761244052742375,-1.0,1.3219280948873624,0.41503749927884376,-0.5849625007211563,0.5849625007211562,-2.0,-1.7004397181410922,10.460432915794545
ENSG00000124713/GNMT,-1.3219280948873622,1.0,-2.0,-1.0,-1.2223924213364479,-6.882643049361842,-2.1950159824051427,-0.6780719051126377,-1.7369655941662063,-2.321928094887362,-9.914385132155443,4.584962500721156,0.584962500721156,-0.5849625007211563,0.584962500721156,-0.16992500144231226,10.45454175869307
ENSG00000122176/FMOD,4.643856189774724,7.731319031025064,5.022367813028454,-4.491853096329675,0.41503749927884376,0.6780719051126377,-0.5849625007211563,-0.6214883767462701,-1.7725895038969277,-2.067114195858537,1.8073549220576042,3.4918530963296748,0.36257007938470837,-1.415037499278844,-1.137503523749935,-2.6280312226130422,10.38310616673132
ENSG00000197409/HIST1H3D,-2.584962500721156,-5.906890595608519,-3.9068905956085187,-0.7369655941662062,1.0,2.169925001442312,1.0,2.0,2.8073549220576037,2.321928094887362,7.491853096329675,3.321928094887362,-1.5145731728297582,0.7369655941662062,3.169925001442312,2.0,10.282558450457948
ENSG00000171766/GATM,4.321928094887363,3.736965594166206,5.984893107609792,-4.554588851677638,-3.0677446066358343,-3.758991900496205,-0.5611157587667883,0.0,0.5849625007211562,-4.459431618637297,-4.351675438281415,0.0,-0.4150374992788438,-2.0,-2.0,-1.5849625007211563,10.24834056840137
ENSG00000202538/RNU4-2,1.0,2.321928094887362,-0.7369655941662062,-2.0,1.0,-1.2223924213364479,1.0,1.3219280948873624,0.32192809488736235,1.3219280948873624,11.267789922008713,-2.15200309344505,-2.1699250014423126,-1.3219280948873622,0.0,-1.1699250014423124,10.175047878332787
ENSG00000171777/RASGRP4,-6.906890595608519,-7.906890595608519,-8.491853096329674,0.0,2.0,-0.3219280948873623,-0.7369655941662062,-1.7369655941662063,-2.736965594166206,0.0,0.415037499278844,1.0,-0.2630344058337938,0.0,-1.3219280948873622,-1.0,10.163333324087374
ENSG00000203813/ENSG00000203813,-2.321928094887362,-3.8365012677171206,-3.473931188332412,0.0,2.169925001442312,1.3219280948873624,3.321928094887362,2.321928094887362,2.0,2.15200309344505,8.813781191217037,2.736965594166206,0.0,0.0,3.0,5.321928094887363,10.106044510829099
ENSG00000203747/FCGR3A,-3.5145731728297585,-5.321928094887363,-6.473931188332412,1.3219280948873624,3.415037499278844,-0.5145731728297583,-1.0780025120012733,-2.227068908545921,-1.8930847960834882,4.459431618637297,4.169925001442312,1.584962500721156,2.169925001442312,0.41503749927884376,0.5849625007211562,-0.8073549220576042,10.051279601836587
ENSG00000265150/ENSG00000265150,-1.7178567712185016,-0.6620035364849841,-3.265344566520995,-1.0328432566870172,0.3451354860486875,0.8395353278067539,0.9411063109464314,-0.15200309344504995,-0.40972369938237596,-0.16992500144231246,11.526682620918592,1.8132314883942735,0.6865834049681551,-0.3899465183160133,-0.029747343394052068,0.0,9.966343803162463
ENSG00000177191/B3GNT8,-6.409390936137702,-7.409390936137702,-7.409390936137702,0.6780719051126377,-0.41503749927884404,1.807354922057604,0.584962500721156,-0.4150374992788438,-1.0,0.7369655941662062,0.32192809488736235,-2.0,-3.0443941193584534,2.0995356735509145,0.0,1.15200309344505,9.940305686544063
ENSG00000019102/VSIG2,-3.9068905956085187,-4.906890595608519,-3.9068905956085187,2.321928094887362,-1.7369655941662063,1.3219280948873624,-2.3219280948873626,-2.0951572330403403,-4.0,1.0,5.22881869049588,3.3923174227787602,-1.8300749985576876,0.0,-0.561878887608115,-5.857980995127572,9.895719951859979
ENSG00000160883/HK3,-5.499845887083206,-8.236811481249411,-6.499845887083206,-0.5849625007211561,1.7369655941662063,-0.5849625007211563,-1.7369655941662063,-2.584962500721156,-2.4594316186372973,0.5145731728297582,0.7369655941662062,1.0,1.415037499278844,1.0,0.0,2.584962500721156,9.882976422309172
ENSG00000143226/FCGR2A,-5.266786540694901,-7.266786540694901,-6.266786540694901,0.0,1.584962500721156,1.3219280948873624,0.5849625007211562,-0.8744691179161412,-1.0874628412503393,2.321928094887362,3.169925001442312,1.0,3.0,0.0,0.0,0.0,9.868334575353915
ENSG00000090382/LYZ,-1.0347654181606767,-7.24031432933371,-0.2884468250068079,-0.22239242133644802,2.678071905112638,2.7625006862733437,2.2563397532597858,-1.3260442033595943,-2.4223299918451997,3.169925001442312,6.449148645375437,4.459431618637297,1.0468666050379742,-0.18057224564182092,-0.15200309344504995,0.5849625007211562,9.814849802450878
ENSG00000212232/SNORD17,3.643856189774725,3.643856189774725,4.321928094887363,0.0,0.0,1.0,0.2630344058337938,0.7369655941662062,1.5145731728297582,1.0,12.075144844066317,0.0,-0.4150374992788438,0.5145731728297582,1.0,-0.5849625007211563,9.746560295662395
ENSG00000134830/C5AR2,-5.700439718141092,-8.022367813028454,-6.022367813028454,0.0,0.16992500144231237,-0.2630344058337938,0.7369655941662062,1.0,-1.7369655941662063,-1.0,2.584962500721156,0.0,2.0,1.807354922057604,-1.0,1.584962500721156,9.615549660045762
ENSG00000258486/ENSG00000258486,-1.1622714288988771,-1.1622714288988771,-2.647698256069119,-0.5305147166987798,0.0,0.7369655941662062,0.6338721012021026,0.9590282189436938,0.05222995877255783,0.8365012677171206,11.761751815696925,0.6687940915246268,0.8633653079781541,0.0544477840223765,0.46234321405720047,0.6839725065523219,9.563873504497451
ENSG00000081052/COL4A4,4.321928094887363,6.491853096329675,5.643856189774724,-0.5145731728297583,-1.3219280948873622,0.48542682717024166,-0.7369655941662062,-2.1699250014423126,-4.491853096329675,-2.321928094887362,-0.15200309344504995,-1.9068905956085185,0.415037499278844,-0.5849625007211563,-3.321928094887362,-1.584962500721156,9.551583826392603
ENSG00000112299/VNN1,-3.727920454563199,-9.049848549450562,-2.920565532505595,-3.169925001442312,-2.9385994553358565,-1.415037499278844,-1.5260688116675878,0.2630344058337938,-2.0,2.8073549220576037,4.129283016944966,1.0,-3.523561956057013,-1.0,-1.0,1.584962500721156,9.511139496840974
ENSG00000158856/DMTN,-6.468769483216634,-7.6911619045530815,-7.2761244052742375,0.7182290315846205,0.0,1.222392421336448,0.0,-0.9068905956085186,-0.3219280948873623,2.473931188332412,-1.222392421336448,0.5305147166987798,0.7369655941662062,-0.08746284125033943,-0.4150374992788438,-1.2954558835261714,9.477759966981797
ENSG00000206082/ENSG00000206082,-6.301750212949732,-4.564784618783526,-6.471675214392044,-0.3219280948873623,2.584962500721156,0.0,0.0,-0.5849625007211563,1.0,-1.7369655941662063,-4.906890595608519,1.3219280948873624,-1.0,0.0,4.321928094887363,0.15200309344505006,9.471441520344817
ENSG00000075275/CELSR1,4.906890595608519,8.321928094887362,4.906890595608519,-2.807354922057604,0.2630344058337938,2.321928094887362,0.36257007938470837,-0.4854268271702417,-0.4854268271702417,4.906890595608519,4.321928094887363,0.0,-1.3219280948873622,0.0,1.0,-1.5849625007211563,9.430995883907482
ENSG00000101210/EEF1A2,-2.736965594166206,-3.321928094887362,0.0,0.32192809488736235,0.415037499278844,5.906890595608519,3.9068905956085187,4.906890595608519,2.321928094887362,-0.22239242133644782,-0.8073549220576042,0.5849625007211562,-4.058893689053568,2.0,5.558967292188211,-1.3219280948873622,9.41871071115247
ENSG00000196628/TCF4,5.491853096329675,7.7481928495894605,6.409390936137702,-1.0,2.0,1.0,0.16992500144231237,-1.3219280948873622,-1.3219280948873622,-1.3219280948873622,3.0588936890535687,-0.5849625007211563,0.0,-0.7369655941662062,-1.5849625007211563,-1.5849625007211563,9.3973759746066
ENSG00000163191/S100A11,-3.9469566769243363,-7.635012670609596,-4.175581051972299,-0.3884023727753771,1.8296650837826927,4.373880174522084,0.9455522159776235,0.4903708245041326,1.5080282561073743,3.2062537745173434,2.3398500028846247,-0.5819348080235882,-1.113968595468297,1.5651176893242846,1.075314335488822,1.4509145356074404,9.355693124294659
ENSG00000166482/MFAP4,3.321928094887362,-3.321928094887362,5.392317422778761,-5.321928094887363,-1.8073549220576042,-0.9175378398080271,-2.0,-3.584962500721156,-4.027905996569885,-4.666756591884804,-0.3785116232537297,1.2630344058337937,-1.7533600324168748,-4.426264754702098,-5.014950341465972,-3.1699250014423126,9.348172036530201
ENSG00000139055/ERP27,-1.0,1.0,-1.0,3.0552824355011894,-3.852442811586142,1.807354922057604,0.0,-0.4150374992788438,-1.5849625007211563,5.129283016944966,-7.14210705730255,0.0,0.0,1.584962500721156,0.5849625007211562,-5.285402218862249,9.204616440363774
ENSG00000115607/IL18RAP,-6.824428435416546,-7.672425341971495,-6.994353436858858,2.321928094887362,1.3219280948873624,-0.5145731728297583,-1.2223924213364479,-1.3219280948873622,-1.7369655941662063,-1.0,1.0,0.0,0.0,-1.0,-2.0,1.0,9.204456121154205
ENSG00000255026/AC136475.3,-1.7369655941662063,1.8278190246173196,-1.3219280948873622,-5.321928094887363,4.058893689053568,-1.5849625007211563,0.0,0.0,-1.5849625007211563,4.459431618637297,-7.03342300153745,-1.0,1.584962500721156,-1.0,2.8073549220576037,0.41503749927884376,9.20034177495894
ENSG00000168389/MFSD2A,1.3219280948873624,0.32192809488736235,1.9068905956085185,-2.8073549220576037,0.584962500721156,-3.321928094887362,-3.7548875021634687,-1.6438561897747246,-0.8930847960834881,1.3219280948873624,4.321928094887363,-8.212699025132604,-1.8073549220576042,0.41503749927884376,1.7369655941662063,2.321928094887362,9.191822351168394
ENSG00000170909/OSCAR,-5.066089190457772,-7.803054784623979,-5.066089190457772,0.32192809488736235,2.736965594166206,1.7369655941662063,0.0,-3.0,-3.1699250014423126,1.3219280948873624,1.0,1.3219280948873624,1.15200309344505,0.8479969065549501,0.0,0.36257007938470837,9.166035278472348
ENSG00000170482/SLC23A1,1.584962500721156,3.9068905956085187,2.321928094887362,-4.321928094887363,-3.7548875021634687,-1.0,0.48542682717024166,-0.5849625007211561,-4.906890595608519,-0.7369655941662062,-2.321928094887362,1.9068905956085185,-4.906890595608519,0.0,0.0,-6.60733031374961,9.099731217003434
ENSG00000211959/IGHV4-39,0.0,-4.643856189774724,0.2630344058337938,-1.2223924213364479,1.5145731728297582,-0.5849625007211563,-1.3219280948873622,2.584962500721156,0.12553088208385882,1.7369655941662063,4.7369655941662066,-3.0,-5.20945336562895,-4.459431618637297,4.643856189774724,0.5849625007211562,9.097940379393757
ENSG00000169583/CLIC3,-2.807354922057604,-5.129283016944966,-2.807354922057604,-1.584962500721156,1.415037499278844,2.321928094887362,0.415037499278844,-2.6322682154995127,-3.502500340529183,3.643856189774725,4.058893689053568,-1.0,-4.946418959795156,-0.01282404035758362,3.807354922057604,-0.3219280948873623,9.067298124236945
ENSG00000101443/WFDC2,0.0,-1.0,-1.0,0.6584915361431214,-0.43609911480667357,3.0995356735509145,-1.415037499278844,1.487793841714158,-1.8562645225385503,8.31741261376487,2.0874628412503395,-5.314257081534434,-2.584962500721156,0.7629608026991507,-1.426264754702098,2.184128096490176,8.99634544124373
ENSG00000158715/SLC45A3,2.0,-1.3219280948873622,2.584962500721156,-3.736965594166206,-0.5849625007211563,0.0,-0.7369655941662062,0.5849625007211562,-0.5849625007211563,-1.5849625007211563,3.0588936890535687,9.904383739997943,-0.3219280948873623,-0.7369655941662062,0.5849625007211562,-0.5849625007211563,8.981351766750292
ENSG00000101307/SIRPB1,-5.247927513443585,-8.569855608330949,-4.247927513443585,-1.0,2.8073549220576037,0.0,-0.5849625007211561,-3.584962500721156,-3.321928094887362,1.0,1.0,1.0,0.807354922057604,0.0,0.0,-3.321928094887362,8.866502658217874
ENSG00000197208/SLC22A4,-6.491853096329675,-5.906890595608519,-7.491853096329675,-1.7369655941662063,-0.7369655941662062,1.584962500721156,0.7369655941662062,-2.321928094887362,-3.736965594166206,-0.3219280948873623,1.0,1.584962500721156,-0.5145731728297583,0.7369655941662062,0.0,-4.215012890970851,8.86096328607911
ENSG00000085265/FCN1,-5.6534422386039225,-7.2384047393250786,-6.8233672400462355,-1.5849625007211563,0.41503749927884376,0.0,-1.0,-1.5849625007211563,-2.584962500721156,2.321928094887362,0.7369655941662062,2.321928094887362,-1.0,0.0,-2.321928094887362,1.584962500721156,8.842042442150028
ENSG00000198947/DMD,4.321928094887363,4.906890595608519,4.321928094887363,-0.3219280948873623,0.5849625007211562,-2.0995356735509145,-0.5849625007211563,-1.7369655941662063,-2.321928094887362,-2.9068905956085187,-0.5849625007211563,-2.1699250014423126,-1.7369655941662063,0.0,-5.643856189774724,-3.9068905956085187,8.838338978574628
ENSG00000116194/ANGPTL1,2.321928094887362,4.906890595608519,1.584962500721156,-0.5849625007211563,-4.058893689053568,-2.3219280948873626,-1.5849625007211563,-3.321928094887362,-4.321928094887363,-5.714245517666122,-1.0,0.15200309344505006,-3.321928094887362,-1.5145731728297582,-6.321928094887363,-2.736965594166206,8.829461197322923
ENSG00000214456/PLIN5,-6.781359713524659,-6.781359713524659,-6.781359713524659,0.5849625007211562,-2.9068905956085187,-2.6629650127224296,-0.765534746362977,-1.0,-2.321928094887362,-6.169925001442312,-7.965784284662087,-1.0,-1.0,0.22239242133644802,-0.5849625007211563,-0.3219280948873623,8.748284353652426
ENSG00000184730/APOBR,-5.303780748177103,-6.455783841622153,-5.303780748177103,1.0,2.9068905956085187,1.584962500721156,0.0,-2.115477217419936,-2.4594316186372973,3.321928094887362,1.0,-3.0874628412503395,0.0,0.0,0.0,1.0,8.726316862154457
ENSG00000012124/CD22,3.84799690655495,3.84799690655495,4.169925001442312,1.7369655941662063,1.807354922057604,1.0,-0.5849625007211561,-0.3219280948873623,-2.584962500721156,-4.754887502163468,1.0,-0.3219280948873623,-1.1699250014423124,0.0,-2.8073549220576037,-6.022367813028454,8.704101189164737
ENSG00000115828/QPCT,-3.1963972128035034,-9.103287808412022,-2.321928094887362,-1.0,0.7369655941662062,2.0,0.807354922057604,1.584962500721156,0.5849625007211562,2.321928094887362,2.584962500721156,0.0,1.584962500721156,2.321928094887362,-0.7369655941662062,1.584962500721156,8.70371158988046
ENSG00000107317/PTGDS,4.044394119358453,-4.7369655941662066,4.467605550082998,-6.6911619045530815,-3.9541963103868754,0.7369655941662062,-0.5849625007211563,-1.8073549220576042,-2.844349129539806,0.9175378398080271,-1.0,-1.0,-1.8744691179161412,-2.700439718141092,-3.643856189774725,-2.155278225477911,8.694005101859428
ENSG00000138161/CUZD1,2.169925001442312,2.321928094887362,1.3219280948873624,0.584962500721156,1.0,2.0,0.0,0.584962500721156,0.584962500721156,-0.807354922057604,-10.303780748177102,0.0,1.0,1.0,1.584962500721156,1.0,8.612295135740117
ENSG00000162896/PIGR,2.321928094887362,7.321928094887363,1.0,-2.765534746362977,-2.4681488357384063,-0.6780719051126377,0.0,-1.4594316186372973,-3.9475325801058645,0.0,4.727920454563199,1.8073549220576042,-2.170862120696366,0.0,0.0,3.0588936890535687,8.583836757854938
ENSG00000095303/PTGS1,-1.415037499278844,-3.321928094887362,-1.415037499278844,-3.584962500721156,2.0,1.3219280948873624,0.0,-0.4150374992788438,-0.7369655941662062,5.714245517666122,2.0995356735509145,-0.5849625007211563,-2.0,-1.0,-7.22881869049588,-3.3378696387563838,8.53803742053224
ENSG00000141526/SLC16A3,-4.321928094887363,-4.906890595608519,-3.9068905956085187,-1.0,4.459431618637297,3.5443205162238103,1.0,0.777607578663552,0.7369655941662062,3.169925001442312,3.9068905956085187,-1.5849625007211563,0.2630344058337938,0.41503749927884376,0.45943161863729726,2.807354922057604,8.510567550054654
ENSG00000251791/SCARNA6,0.7369655941662062,3.321928094887362,0.0,0.0,1.584962500721156,-0.22239242133644782,-1.0,0.0,-0.41503749927884404,-2.321928094887362,10.338736382573916,-0.5849625007211561,0.415037499278844,-0.5849625007211561,1.584962500721156,-2.0,8.506636283616707
ENSG00000135069/PSAT1,3.169925001442312,-2.321928094887362,4.087462841250339,-0.16992500144231246,-5.169925001442312,-2.584962500721156,-0.8073549220576042,3.6844981742720706,4.129283016944966,4.285402218862249,-3.0,0.24100809950379498,1.1926450779423958,-0.4854268271702417,1.874469117916141,-1.0443941193584534,8.494405906162115
ENSG00000237683/ENSG00000237683,-6.6293566200796095,-6.6293566200796095,-5.6293566200796095,0.0,1.0,1.584962500721156,0.1926450779423961,0.0,0.0,-2.321928094887362,-3.736965594166206,1.807354922057604,-0.3219280948873623,0.0,1.7369655941662063,0.15200309344505006,8.454935986848088
ENSG00000176153/GPX2,-2.0,1.0,-2.0,-0.5145731728297583,-2.321928094887362,0.9660526680766622,2.074546953365054,1.736965594166206,7.876516946564999,-1.584962500721156,4.523561956057013,-4.169925001442312,1.7185870648513517,0.0,0.31797008131867915,-1.0,8.441732945813548
ENSG00000135144/DTX1,6.038135128886771,3.9740047914670558,6.66432029233444,-4.906890595608519,-1.15200309344505,-1.415037499278844,-1.5849625007211563,0.0,-0.41503749927884404,1.3219280948873624,0.0,0.0,0.0,0.0,-0.7369655941662062,-0.5849625007211563,8.409790098678858
ENSG00000115414/FN1,3.321928094887362,-2.736965594166206,4.321928094887363,0.0,3.273018494406416,-0.5277376320282061,0.4728815738511282,-1.8602752363333868,-1.578783925792032,0.6214883767462702,5.776103988073165,-4.810214576196845,2.1104239896936505,3.1015380264620624,-2.321928094887362,1.0,8.35132314993335
ENSG00000181409/AATK,-6.058893689053568,-7.643856189774724,-6.058893689053568,-1.3219280948873622,1.0,2.736965594166206,-1.3219280948873622,-2.807354922057604,-2.736965594166206,0.22239242133644802,-3.0,0.2630344058337938,0.0,0.415037499278844,0.0,0.0,8.348443160958961
ENSG00000187990/ENSG00000187990,-2.321928094887362,-3.321928094887362,-3.0588936890535687,-1.3219280948873622,0.15200309344505006,2.736965594166206,1.7369655941662063,2.0,1.7369655941662063,2.584962500721156,7.058893689053568,5.022367813028454,-2.0,1.0,2.736965594166206,0.5849625007211562,8.331020541584444
ENSG00000152268/ENSG00000152268,1.584962500721156,4.321928094887363,1.0,-6.129283016944966,1.584962500721156,0.2630344058337938,-0.7369655941662062,-1.3219280948873622,-2.3923174227787602,2.9608294027193223,2.807354922057604,1.3219280948873624,-0.5305147166987798,-3.321928094887362,-4.807354922057605,-1.8744691179161412,8.33032748947199
ENSG00000135114/OASL,-1.5849625007211563,-4.906890595608519,-3.1699250014423126,-1.0,1.3219280948873624,-0.4150374992788438,0.0,-1.9068905956085185,-1.222392421336448,6.129283016944966,5.321928094887363,1.3219280948873624,0.22239242133644802,0.32192809488736235,2.321928094887362,3.0,8.320076137828071
ENSG00000158869/FCER1G,-4.216861315363219,-8.024216237420823,-4.654982427755105,0.41503749927884376,2.3923174227787602,0.30812229536233193,-0.23446525363702297,-1.4102839693082092,-1.553598329811821,2.5443205162238103,1.8073549220576042,1.4150374992788437,1.4525122046975067,0.6520766965796931,-0.3219280948873623,0.32192809488736235,8.239142841603496
ENSG00000181789/COPG1,0.6129768768907526,0.23446525363702297,0.9569312781081141,0.43440282414577486,0.3677317845004871,0.7104933828050152,0.925999418556223,0.645335118700638,0.49476469174957804,0.6476982560691188,0.6780719051126377,0.7325196891350141,0.6374299206152918,0.06012099243757093,1.078002512001273,0.6040713236688608,0.06789474915839809
ENSG00000128463/EMC4,0.5145731728297582,0.5145731728297582,0.19264507794239583,-0.16992500144231246,0.29956028185890793,0.5849625007211562,0.777607578663552,0.09953567355091437,0.5474877953024933,0.41503749927884376,0.36257007938470837,0.0,0.12553088208385882,0.09310940439148145,0.4405725913859814,-0.16992500144231246,0.07695453560406723
ENSG00000087460/GNAS,0.04730571477835682,0.15919859484925394,0.22239242133644802,0.6135316529179271,0.43609911480667357,0.9652345818393233,0.7369655941662062,0.43389652653015964,0.384663850235325,0.6918777046376682,0.11864449649861893,0.06608919045777244,0.06711419585853703,0.5575766129260772,0.5305147166987798,0.6327910258117713,0.0782405687443014
ENSG00000142208/AKT1,0.5145731728297582,0.5145731728297582,0.5145731728297582,0.5849625007211562,0.5849625007211562,0.32192809488736235,0.22239242133644802,0.10691520391651188,0.0,0.48542682717024166,0.0,1.15200309344505,0.41503749927884376,0.11547721741993588,0.11547721741993588,0.41503749927884376,0.08529486484216765
ENSG00000136819/C9orf78,-0.19264507794239588,-0.09310940439148147,0.0,-0.20645087746742632,-0.4474589769712214,0.36257007938470837,0.0,0.0,0.41503749927884376,0.2630344058337938,0.22239242133644802,0.11547721741993588,0.6520766965796931,0.0,-0.12553088208385899,-0.3785116232537297,0.08580152363786724
ENSG00000066136/NFYC,-0.2895066171949848,0.0,0.24100809950379498,-0.2895066171949848,0.19264507794239583,0.48542682717024166,0.8073549220576041,0.36257007938470837,0.0,0.13750352374993502,-0.3219280948873623,0.16992500144231237,0.19264507794239583,0.15200309344505006,0.36257007938470837,0.12553088208385882,0.08678671684723915
ENSG00000160194/NDUFV3,0.41503749927884376,0.0,0.41503749927884376,-0.5849625007211563,-0.4150374992788438,0.2630344058337938,0.5849625007211562,0.0,0.0,0.22239242133644802,0.0,0.19264507794239583,0.2630344058337938,0.0,0.19264507794239583,0.0,0.08755105210995026
ENSG00000134153/EMC7,0.30485458152842093,-0.28010791919273537,0.08246216019197297,-0.1178364902938583,0.06413033741971556,0.777607578663552,0.8171359428501894,0.12553088208385882,0.27753397552890896,0.41503749927884376,0.30485458152842093,0.28540221886224837,0.5849625007211562,0.19793937761190883,0.10691520391651188,-0.10309349296410361,0.09254875021679616
ENSG00000103549/RNF40,0.29956028185890793,-0.1154772174199359,0.6214883767462702,0.0,0.5405683813627028,0.7369655941662062,0.8479969065549501,0.2801079191927352,0.2801079191927352,-0.08746284125033943,0.32192809488736235,0.2479275134435855,0.19264507794239583,-0.08246216019197299,0.6918777046376682,0.14438990933517493,0.09359218652470772
ENSG00000005007/UPF1,0.5474877953024933,-0.1154772174199359,0.8231222379159207,0.08246216019197297,0.36257007938470837,0.874469117916141,0.7369655941662062,0.0,0.2630344058337938,0.0,0.12553088208385882,0.21150410519371182,0.4405725913859814,0.0874628412503394,0.5474877953024933,0.07800251200127316,0.09802850325534244
ENSG00000181929/PRKAG1,0.45943161863729726,-0.19264507794239588,0.32192809488736235,0.29956028185890793,-0.22239242133644802,0.7369655941662062,0.8479969065549501,0.41503749927884376,0.9175378398080271,0.5849625007211562,0.22239242133644802,0.37851162325372983,0.32192809488736235,0.12553088208385882,0.2630344058337938,0.13750352374993502,0.10251027356197756
ENSG00000125818/PSMF1,0.0,-0.5525410230287788,0.2954558835261713,-0.13124453327825267,0.5849625007211562,0.0,0.49749965947081687,-0.061400544664143256,0.2630344058337938,0.32192809488736235,-0.22239242133644802,0.37851162325372983,0.6698513983076692,0.12029423371771175,0.056583528366367514,-0.09310940439148147,0.10406676930106092
ENSG00000175213/ZNF408,0.41503749927884376,0.41503749927884376,0.0,0.41503749927884376,0.5849625007211562,1.0,1.0,0.41503749927884376,0.7369655941662062,0.5849625007211562,0.0,0.41503749927884376,0.0,0.41503749927884376,0.0,0.22239242133644802,0.10479051932191394
ENSG00000169919/GUSB,0.20645087746742624,0.20645087746742624,-0.1154772174199359,-0.22239242133644802,0.5849625007211562,-0.05246741989413554,0.4306343543298623,0.43295940727610627,-0.21150410519371174,0.0874628412503394,0.0,0.4525122046975067,1.0,0.30485458152842093,0.29956028185890793,0.43609911480667357,0.10494842561127407
ENSG00000092203/TOX4,0.13750352374993502,0.0,0.37851162325372983,-0.13750352374993496,0.0,0.48542682717024166,0.48542682717024166,0.13750352374993502,0.12553088208385882,0.13750352374993502,0.41503749927884376,0.2630344058337938,-0.3219280948873623,-0.12553088208385899,-0.3785116232537297,-0.6520766965796931,0.10525684335886858
ENSG00000114650/SCAP,-0.15200309344504995,0.2630344058337938,-0.15200309344504995,0.0874628412503394,-0.36257007938470825,-0.16992500144231246,0.6780719051126377,-0.1154772174199359,0.0,-0.5474877953024933,-0.3219280948873623,0.2801079191927352,-0.08746284125033943,0.29956028185890793,0.4405725913859814,-0.2630344058337938,0.10653776152510377
ENSG00000114316/USP4,-0.38702312310924736,0.23446525363702297,-0.38702312310924736,0.0,0.0,0.2630344058337938,0.32192809488736235,-0.16992500144231246,-0.5849625007211563,0.15200309344505006,0.5849625007211562,0.36257007938470837,0.0,0.15200309344505006,0.0,-0.4594316186372972,0.1085951486289743
ENSG00000179262/RAD23A,0.43609911480667357,0.12199052437861026,0.40439025507933524,0.15869774601905823,0.9740047914670554,0.7725895038969275,0.8479969065549501,0.03170885972733805,0.7030182622428686,0.4753380095466579,-0.24100809950379493,0.32192809488736235,0.5360529002402097,0.06140054466414327,0.14438990933517493,0.45685767497347085,0.11035525324110533
ENSG00000090061/CCNK,0.19264507794239583,0.5145731728297582,0.5145731728297582,0.32192809488736235,0.5849625007211562,0.41503749927884376,0.5849625007211562,0.2630344058337938,0.22239242133644802,-0.22239242133644802,0.0,0.0,0.8479969065549501,0.0,0.8073549220576041,-0.22239242133644802,0.1107052492766903
ENSG00000023318/ERP44,0.5849625007211562,-0.12553088208385899,1.0,0.09953567355091437,0.20645087746742624,0.41503749927884376,0.41503749927884376,0.16992500144231237,0.08246216019197297,1.0,0.11547721741993588,-0.07038932789139803,0.48542682717024166,0.0,0.24100809950379498,0.20645087746742624,0.11264911585948513
ENSG00000157954/WIPI2,0.0,0.45943161863729726,0.16992500144231237,0.8300749985576875,0.0,0.8073549220576041,0.8073549220576041,0.16992500144231237,0.32192809488736235,0.15200309344505006,0.0,0.6520766965796931,0.19264507794239583,0.0,0.36257007938470837,-0.2630344058337938,0.1128439265435703
ENSG00000119669/IRF2BPL,-0.19264507794239588,-0.4150374992788438,-0.4150374992788438,-0.6589630821649332,0.0,0.2630344058337938,-0.2630344058337938,0.0,0.0,0.0,0.0,0.18057224564182084,0.0,0.16046467219324612,0.07800251200127316,-1.0,0.11324655114686187
ENSG00000184887/BTBD6,0.9068905956085185,0.8073549220576041,0.8073549220576041,0.06413033741971556,0.18057224564182084,0.7004397181410922,0.32192809488736235,0.24100809950379498,0.2630344058337938,0.0,0.0,1.0,0.0874628412503394,0.18057224564182084,0.32192809488736235,0.5235619560570128,0.11582378116826887
ENSG00000225973/PIGBOS1,0.48542682717024166,0.0,-0.3219280948873623,-0.3219280948873623,0.19264507794239583,0.5849625007211562,0.5849625007211562,0.0,0.0,0.0,0.0,0.2630344058337938,0.7369655941662062,-0.12553088208385899,0.22239242133644802,-0.36257007938470825,0.11590152431384834
ENSG00000151445/VIPAS39,0.22239242133644802,0.22239242133644802,0.22239242133644802,-0.2630344058337938,0.48542682717024166,0.7369655941662062,0.7369655941662062,0.48542682717024166,0.0,-0.4150374992788438,0.32192809488736235,0.0,0.2630344058337938,0.22239242133644802,-0.22239242133644802,-0.22239242133644802,0.11865143049369259
ENSG00000135334/AKIRIN2,-0.18057224564182092,-0.08746284125033943,-0.5639008851933265,0.0,0.5305147166987798,-0.19264507794239588,0.32192809488736235,-0.2895066171949848,0.30812229536233193,0.47393118833241227,0.5849625007211562,0.13750352374993502,0.07400058144377678,0.5025003405291834,0.3410369178350669,-0.25153876699596445,0.11999557003288173
ENSG00000100142/POLR2F,0.5849625007211562,0.0,1.0,0.32192809488736235,0.0,0.41503749927884376,0.7369655941662062,0.7369655941662062,1.0,0.32192809488736235,0.0,0.41503749927884376,0.41503749927884376,0.0,0.5849625007211562,0.8479969065549501,0.12059721453874143
ENSG00000112335/SNX3,-0.18641312423088133,-0.6069888070511551,-0.40053792958372875,-0.7842713089445628,0.2016338611696504,0.2274104961030724,0.5972408304995929,-0.17218097538268035,-0.05246741989413554,-0.019628806748932512,0.36257007938470837,-0.19930880822340666,-0.12737930647622756,-0.021061615527829577,-0.3025627700204312,-0.2630344058337938,0.12122569490663168
ENSG00000170906/NDUFA3,0.7004397181410922,0.16992500144231237,0.32192809488736235,0.29956028185890793,-0.5563933485243852,0.5025003405291834,1.0,0.22239242133644802,0.11547721741993588,0.6280312226130421,0.0,0.0,0.19264507794239583,0.30485458152842093,0.2801079191927352,0.6100534816839867,0.125194503336994
ENSG00000109332/UBE2D3,0.45456586346548133,0.289506617194985,0.7686744538935444,-0.15754127698647993,0.0,0.2630344058337938,0.0,0.0,-0.058893689053568565,-0.18442457113742744,0.6780719051126377,0.14438990933517493,0.16046467219324612,-0.29545588352617136,-0.06413033741971558,-0.6374299206152917,0.12674353355269427
ENSG00000100865/CINP,0.32192809488736235,-0.4150374992788438,0.5849625007211562,0.16992500144231237,0.0,0.0,0.7369655941662062,0.48542682717024166,0.48542682717024166,0.8073549220576041,-0.3219280948873623,0.41503749927884376,0.0,0.0,0.48542682717024166,0.41503749927884376,0.12732512224970696
ENSG00000138029/HADHB,0.289506617194985,0.15200309344505006,0.22239242133644802,-0.6814704815745025,-0.7693870718585836,-0.2630344058337938,-0.15200309344504995,0.16349873228287956,0.0544477840223765,0.16992500144231237,0.15200309344505006,0.045803689613124754,-0.7842713089445628,-0.28010791919273537,-0.23446525363702297,-0.2837929660005913,0.12770961350667345
ENSG00000157916/RER1,0.38702312310924725,0.6918777046376682,0.0,-0.7162070339994087,0.07800251200127316,0.3923174227787603,0.5145731728297582,0.37196877738695794,-0.08746284125033943,-0.06413033741971558,-0.09310940439148147,0.3536369546147004,-0.16992500144231246,0.07400058144377678,0.6166713604484945,0.0,0.12798471715785364
ENSG00000110619/CARS,-0.22239242133644802,-0.22239242133644802,-0.4854268271702417,0.7369655941662062,0.41503749927884376,0.5849625007211562,0.41503749927884376,0.32192809488736235,0.0,0.7369655941662062,0.41503749927884376,0.0,0.41503749927884376,0.0,0.0,0.32192809488736235,0.1281876209106063
ENSG00000141452/C18orf8,0.48542682717024166,1.2016338611696504,0.5849625007211562,0.36257007938470837,0.19264507794239583,0.5849625007211562,0.0,0.0,0.0,-0.19264507794239588,0.8479969065549501,0.2630344058337938,0.41503749927884376,0.0,0.22239242133644802,0.41503749927884376,0.1293855644956952
ENSG00000173039/RELA,-0.16992500144231246,0.3536369546147004,0.07800251200127316,-0.09310940439148147,1.0,0.5849625007211562,0.41503749927884376,0.23446525363702297,0.07800251200127316,-0.33703498727757075,-0.4150374992788438,0.32192809488736235,0.16046467219324612,0.32192809488736235,-0.08246216019197299,-0.12553088208385899,0.12984446937342556
ENSG00000105705/SUGP1,0.2630344058337938,0.2630344058337938,0.48542682717024166,-0.5849625007211563,0.32192809488736235,0.7369655941662062,1.0,0.32192809488736235,0.0,0.48542682717024166,0.0,0.0,0.0,0.2630344058337938,0.2630344058337938,0.5849625007211562,0.13137897660791256
ENSG00000125352/RNF113A,0.7104933828050152,0.12553088208385882,0.3479233034203068,-0.22239242133644802,0.5145731728297582,1.1375035237499351,1.0,0.5145731728297582,0.289506617194985,0.45943161863729726,-0.19264507794239588,0.41503749927884376,0.19264507794239583,0.32192809488736235,0.32192809488736235,0.13750352374993502,0.1317742904193936
ENSG00000104825/NFKBIB,0.44745897697122117,0.24100809950379498,0.24100809950379498,-0.12553088208385899,0.0,0.5849625007211562,0.6520766965796931,0.16992500144231237,0.777607578663552,0.6520766965796931,0.0,0.0,0.11547721741993588,0.15200309344505006,0.44745897697122117,1.2630344058337937,0.1344787913039359
ENSG00000101473/ACOT8,0.0,0.0,0.32192809488736235,0.0,-0.5849625007211563,0.41503749927884376,1.0,0.32192809488736235,0.0,0.0,0.0,0.7369655941662062,0.2630344058337938,0.32192809488736235,0.5849625007211562,0.2630344058337938,0.13461123091302693
ENSG00000157881/PANK4,0.32192809488736235,0.32192809488736235,0.32192809488736235,-0.3219280948873623,0.5849625007211562,0.41503749927884376,0.5849625007211562,0.0,0.0,-0.3219280948873623,-0.5849625007211563,0.41503749927884376,0.0,0.0,-0.3219280948873623,-0.3219280948873623,0.13478926737911306
ENSG00000006712/PAF1,0.41503749927884376,0.7369655941662062,0.8300749985576875,-0.5145731728297583,0.13750352374993502,0.4694852833012202,0.6629650127224292,0.06711419585853703,0.36257007938470837,-0.16349873228287934,-0.13750352374993496,0.3325753390868709,-0.08746284125033943,0.22239242133644802,-0.047305714778356635,0.0,0.13497210563273962
ENSG00000142186/SCYL1,0.0874628412503394,-0.6780719051126377,0.3923174227787603,0.16992500144231237,0.4405725913859814,0.38702312310924725,0.5025003405291834,0.6129768768907526,0.289506617194985,-0.16349873228287934,-0.5405683813627028,0.5360529002402097,0.2479275134435855,0.11103131238874395,0.21150410519371182,0.4306343543298623,0.13599152566581407
ENSG00000116688/MFN2,-0.3959286763311392,-0.3959286763311392,-0.18442457113742744,-0.3325753390868709,-0.3785116232537297,0.0874628412503394,0.3923174227787603,-0.4150374992788438,-0.05444778402237646,0.0,0.765534746362977,-0.19264507794239588,-0.23132554610645567,-0.2630344058337938,-0.8271634031377845,-0.45251220469750675,0.1370169135799453
ENSG00000072958/AP1M1,0.07800251200127316,0.289506617194985,0.22239242133644802,-0.1069152039165119,0.2801079191927352,0.41503749927884376,1.0,-0.3219280948873623,-0.38702312310924736,-0.4474589769712214,0.48542682717024166,0.289506617194985,-0.12553088208385899,0.15200309344505006,-0.0995356735509144,0.29956028185890793,0.13715246066878276
ENSG00000070010/UFD1,0.22239242133644802,0.5849625007211562,0.22239242133644802,0.0,0.0,0.8073549220576041,0.5849625007211562,0.5849625007211562,1.1375035237499351,0.0,0.0,0.32192809488736235,0.32192809488736235,0.0,0.2630344058337938,1.0,0.13726183947887716
ENSG00000002822/MAD1L1,0.7369655941662062,0.41503749927884376,0.41503749927884376,0.0,0.5849625007211562,0.5849625007211562,0.5849625007211562,0.41503749927884376,0.41503749927884376,1.0,1.584962500721156,0.0,0.41503749927884376,0.41503749927884376,0.7369655941662062,0.5849625007211562,0.13748291306160237
ENSG00000126088/UROD,0.7369655941662062,0.41503749927884376,0.6374299206152918,-0.7198920808072649,-0.044394119358453395,0.16046467219324612,0.6438561897747247,0.37196877738695794,0.0,-0.07038932789139803,-0.16992500144231246,0.0,0.0,0.16349873228287956,-0.15200309344504995,-0.16992500144231246,0.1420000905947155
ENSG00000084754/HADHA,0.37550913509220646,0.11247472925841265,0.7447429447579255,-0.5025003405291831,-0.29123129766444583,-0.25715783949712445,0.21864028647534034,-0.08572987402588397,-0.11321061044799094,-0.06558834162757671,0.1750867065580914,0.2181801700495334,-0.783188610926852,-0.029146345659516508,-0.461904104316818,-0.34103691783506696,0.14216378654537193
ENSG00000185896/LAMP1,0.14201900487242786,-0.3344190390705592,0.14201900487242786,-0.4150374992788438,-0.5279315556847771,0.3677317845004871,0.6280312226130421,-0.493040011280117,-0.3268103162671086,0.10187961401921365,0.5655971758542251,-0.047305714778356635,0.5279315556847771,0.09019780897157816,-0.13006054056437286,-0.1443899093351748,0.14256501891395154
ENSG00000102978/POLR2C,0.5849625007211562,0.5849625007211562,0.48542682717024166,-0.4150374992788438,0.06413033741971556,0.2630344058337938,0.45943161863729726,0.21150410519371182,0.43609911480667357,-0.4405725913859815,0.13750352374993502,0.0874628412503394,0.6280312226130421,0.0,0.18057224564182084,-0.5849625007211563,0.14344459143010801
ENSG00000085377/PREP,1.0,0.2630344058337938,0.6780719051126377,-0.19264507794239588,0.2630344058337938,0.48542682717024166,0.2630344058337938,0.0,0.6780719051126377,-0.16992500144231246,1.1154772174199359,0.7369655941662062,0.3479233034203068,0.16992500144231237,0.5405683813627028,0.6374299206152918,0.14404420387614805
ENSG00000131148/EMC8,1.222392421336448,0.41503749927884376,1.222392421336448,0.22239242133644802,0.32192809488736235,1.0,1.0,0.5849625007211562,0.48542682717024166,0.5849625007211562,0.7369655941662062,0.0,0.8073549220576041,0.0,0.48542682717024166,0.48542682717024166,0.1446944045935182
ENSG00000175467/SART1,-0.07800251200127321,0.07400058144377678,0.27563444261342734,0.22239242133644802,0.5849625007211562,0.777607578663552,1.2630344058337937,0.19264507794239583,0.4405725913859814,0.0,-0.3219280948873623,0.0,0.20645087746742624,0.3410369178350669,-0.07400058144377693,0.37196877738695794,0.1449174262117861
ENSG00000166889/PATL1,0.38702312310924725,0.4694852833012202,0.8845227825800641,0.22239242133644802,0.5145731728297582,0.48542682717024166,0.15200309344505006,0.13750352374993502,0.7104933828050152,0.41503749927884376,0.8479969065549501,0.0,1.0,-0.3219280948873623,1.0,0.11547721741993588,0.14517175555868472
ENSG00000154957/ZNF18,0.0,0.48542682717024166,-0.3219280948873623,0.0,0.0,0.41503749927884376,0.0,-0.5849625007211563,0.0,0.0,0.0,1.0,0.0,0.0,0.0,-0.5849625007211563,0.14569733913571178
ENSG00000103429/BFAR,1.1154772174199359,0.7369655941662062,1.0,0.38702312310924725,0.6280312226130421,1.2630344058337937,0.6780719051126377,0.07800251200127316,0.09310940439148145,0.37851162325372983,0.5405683813627028,0.289506617194985,1.0995356735509143,0.37851162325372983,0.3479233034203068,0.12553088208385882,0.1459177457705616
ENSG00000223380/ENSG00000223380,0.796466605914868,0.07400058144377678,0.658963082164933,-0.4545658634654813,0.0489096004809465,-0.1443899093351748,0.12553088208385882,0.5305147166987798,-0.1069152039165119,0.7062687969432897,0.5594274086140185,0.03242147769237742,0.49749965947081687,-0.36257007938470825,0.13124453327825272,0.12029423371771175,0.14605377271139738
ENSG00000148248/SURF4,0.7162070339994087,-0.4854268271702417,0.7162070339994087,0.11365678179556728,-0.23446525363702297,0.26793320524663305,0.8073549220576041,0.6918777046376682,0.43609911480667357,0.6398244357556746,0.13972476366661318,0.49825086752782544,0.3605897152564674,-0.15826208391673235,0.38529015588479165,0.02236781302845451,0.14612665144833092
ENSG00000148719/DNAJB12,-0.4150374992788438,-0.19264507794239588,-0.19264507794239588,-0.2895066171949848,0.0,0.6780719051126377,0.8073549220576041,-0.2895066171949848,-0.5849625007211563,0.0,0.0,0.12553088208385882,0.5145731728297582,0.13750352374993502,0.16992500144231237,0.13750352374993502,0.14614408710627352
ENSG00000136270/TBRG4,1.2630344058337937,1.0,1.1375035237499351,0.5305147166987798,0.32192809488736235,1.2630344058337937,0.8479969065549501,1.1375035237499351,1.4854268271702418,0.37851162325372983,0.48542682717024166,0.48542682717024166,1.0,0.2630344058337938,0.9068905956085185,1.0,0.146270503785382
ENSG00000123144/TRIR,0.5919152613629232,0.020758560166797495,0.3672089741882287,-0.2817709684153795,0.3344190390705593,0.6014506235097251,0.2577977574676467,-0.20281688299968714,0.30339214344993476,0.39909595540982223,-0.425305834732671,0.3286227474613706,-0.15200309344504995,0.4727529971351312,0.08246216019197297,1.0734621619410212,0.14687621215586033
ENSG00000146066/HIGD2A,0.7072182507721542,-0.029747343394052068,0.6520766965796931,0.5723624639415227,0.3410369178350669,0.8712666858777972,1.0874628412503393,0.24663996758312512,0.025090980962830522,0.9757524537533226,0.20353339408513216,0.10236171762967777,0.10092890885078086,0.3410369178350669,-0.17932369944456203,0.7032824679099176,0.14715487742571073
ENSG00000090487/SPG21,0.070389327891398,-0.5145731728297583,-0.15200309344504995,-0.27563444261342734,-0.24100809950379493,0.3923174227787603,0.5849625007211562,0.28379296600059134,0.3344190390705593,0.6129768768907526,0.6374299206152918,0.13124453327825272,0.7884958948062882,-0.2141248053528475,0.2515387669959644,-0.05444778402237646,0.1476173389561363
ENSG00000127540/UQCR11,0.8073549220576041,-0.5849625007211563,0.5025003405291834,0.37345839552744436,-0.20645087746742632,0.49749965947081687,0.6129768768907526,0.30812229536233193,0.5849625007211562,0.8231222379159207,-0.15200309344504995,0.12029423371771175,0.17687776208407918,0.0544477840223765,0.0,0.27563444261342734,0.14766897589866704
ENSG00000075413/MARK3,-0.3219280948873623,0.37851162325372983,-0.15200309344504995,-0.22239242133644802,0.0,0.6780719051126377,0.0,-0.4150374992788438,-0.16992500144231246,-0.5849625007211563,-0.19264507794239588,-0.2630344058337938,0.32192809488736235,-0.36257007938470825,0.7369655941662062,0.16992500144231237,0.1483998182717045
ENSG00000125834/STK35,0.32192809488736235,1.0,0.5849625007211562,1.0,1.0,1.3219280948873624,1.0,0.48542682717024166,0.32192809488736235,0.41503749927884376,0.5849625007211562,0.5849625007211562,0.36257007938470837,0.32192809488736235,1.0,-0.16992500144231246,0.14882597285225138
ENSG00000144848/ATG3,0.41503749927884376,-0.5849625007211563,0.5305147166987798,0.0,-0.19264507794239588,0.5849625007211562,0.5849625007211562,0.22239242133644802,0.36257007938470837,1.0,0.5849625007211562,0.0,0.41503749927884376,-0.16992500144231246,0.22239242133644802,0.2630344058337938,0.14916753477562716
ENSG00000205423/CNEP1R1,0.0,0.5849625007211562,-0.4150374992788438,0.0,0.5849625007211562,0.5849625007211562,0.0,-0.4150374992788438,0.0,-0.5849625007211563,0.5849625007211562,0.0,0.0,0.0,0.5849625007211562,0.0,0.1503423486589543
ENSG00000161671/EMC10,0.48542682717024166,-0.3219280948873623,0.3410369178350669,-0.24792751344358557,0.15611920191728193,1.1375035237499351,1.0,0.5994620704162712,0.5693656456701377,0.3451354860486875,0.070389327891398,0.289506617194985,0.36257007938470837,0.5338236517293552,0.5474877953024933,0.0,0.15272382524573513
ENSG00000130717/UCK1,0.5145731728297582,0.19264507794239583,0.36257007938470837,0.0,-0.08746284125033943,0.32192809488736235,0.289506617194985,0.0,0.12553088208385882,-0.4474589769712214,-1.137503523749935,-0.09310940439148147,-0.22239242133644802,0.2479275134435855,0.0,-0.19264507794239588,0.15293769794857226
ENSG00000126883/NUP214,-0.22239242133644802,0.36257007938470837,0.36257007938470837,-0.4854268271702417,0.32192809488736235,0.41503749927884376,1.0,0.0,0.0,-0.2630344058337938,0.0,0.0,0.41503749927884376,0.0,0.0,-0.5849625007211563,0.15322738754836623
ENSG00000156599/ZDHHC5,0.6280312226130421,0.24100809950379498,1.0,0.2313255461064558,0.3410369178350669,0.6780719051126377,0.8073549220576041,0.32192809488736235,0.6076825772212396,0.8073549220576041,1.222392421336448,0.43295940727610627,-0.19264507794239588,0.12029423371771175,0.8667334691365358,-0.07038932789139803,0.15365819314324386
ENSG00000101337/TM9SF4,0.289506617194985,0.6374299206152918,0.0,0.6129768768907526,0.5405683813627028,0.8073549220576041,1.0,0.3410369178350669,0.7004397181410922,0.7548875021634686,0.7369655941662062,0.43609911480667357,0.819427754358179,0.09310940439148145,1.1255308820838588,-0.39854937649027494,0.15423795421938766
ENSG00000140990/NDUFB10,0.7997013495141688,-0.5849625007211563,0.9175378398080271,0.15965666598848513,0.11703942119021944,0.5184670889342494,0.5703157247567547,0.4405725913859814,0.49595749466241135,0.7533600324168748,-0.09019780897157814,0.40846484535535776,0.030373649043518695,0.3692338096657191,-0.06926266243711372,0.6374299206152918,0.15434908198387182
ENSG00000113811/SELENOK,0.6374299206152918,0.41503749927884376,0.289506617194985,-0.5525410230287788,-0.4739311883324124,0.10691520391651188,0.5405683813627028,0.16992500144231237,-0.09310940439148147,-0.23446525363702297,-0.6374299206152917,-0.2895066171949848,0.10691520391651188,-0.253756592245783,-0.15200309344504995,0.38702312310924725,0.15514923998834423
ENSG00000167110/GOLGA2,0.48542682717024166,0.8479969065549501,0.2630344058337938,0.44745897697122117,0.5145731728297582,0.6520766965796931,0.41503749927884376,0.3479233034203068,-0.2630344058337938,-0.5025003405291831,-0.12553088208385899,0.0874628412503394,-0.1154772174199359,-0.18057224564182092,0.5305147166987798,-0.2630344058337938,0.15549062367456687
ENSG00000198258/UBL5,0.8073549220576041,0.09953567355091437,0.5849625007211562,0.0418201756946269,-0.2783011624871043,0.8479969065549501,0.9027027986450852,0.3584539709124765,0.5219527031953558,1.0,0.7935491225325737,-0.0687127500840142,0.24511249783653138,0.15472259479864206,0.4903256265830809,0.877515993475005,0.15625503332480417
ENSG00000105583/WDR83OS,0.12553088208385882,0.06413033741971556,-0.21150410519371174,-0.34792330342030686,-0.0489096004809464,0.8579809951275721,0.874469117916141,-0.09621531525930317,0.15200309344505006,0.21150410519371182,-0.758991900496205,0.3119440063147403,0.15200309344505006,0.22239242133644802,0.16046467219324612,0.1740293997750489,0.15704521989156192
ENSG00000162889/MAPKAPK2,-0.16992500144231246,0.12285674778553338,-0.282399730700725,-0.3388019134517586,0.22948184612276717,1.0544477840223765,1.0641303374197155,0.19264507794239583,0.23446525363702297,0.0,0.30485458152842093,0.08246216019197297,0.5360529002402097,0.29956028185890793,0.17687776208407918,0.44360665147561484,0.15713816518684787
ENSG00000170619/COMMD5,1.0,0.32192809488736235,0.8073549220576041,-0.19264507794239588,0.48542682717024166,1.0,1.222392421336448,0.5849625007211562,0.7369655941662062,1.3785116232537298,0.41503749927884376,0.48542682717024166,0.5849625007211562,0.36257007938470837,0.5849625007211562,1.1154772174199359,0.15730048650953699
ENSG00000137275/RIPK1,0.32192809488736235,0.7004397181410922,0.16992500144231237,-0.5849625007211563,0.45943161863729726,0.15200309344505006,0.36257007938470837,-0.12553088208385899,-0.5305147166987798,0.41503749927884376,0.6520766965796931,0.5145731728297582,0.0,-0.15200309344504995,0.0,-0.36257007938470825,0.15979037183466036
ENSG00000106244/PDAP1,0.9593580155026541,0.15200309344505006,1.0395283641866373,0.04730571477835682,0.38702312310924725,1.253756592245783,1.1844245711374275,0.38702312310924725,0.8155754288625726,0.7472339296200333,0.16992500144231237,0.2713020218173943,0.658963082164933,0.08488889758651294,0.28239973070072494,0.6655809609294409,0.1605382486776515
ENSG00000125952/MAX,-0.3219280948873623,-0.12029423371771177,-0.3959286763311392,-0.13750352374993496,0.37851162325372983,0.5849625007211562,0.48542682717024166,0.0,0.09953567355091437,-0.6629650127224294,0.5849625007211562,0.09953567355091437,-0.4150374992788438,0.19264507794239583,-0.24100809950379493,-0.5849625007211563,0.16087561838702852
ENSG00000197111/PCBP2,0.3479233034203068,0.44745897697122117,0.27753397552890896,-0.12285674778553347,-0.056583528366367424,0.5025003405291834,0.5145731728297582,0.11547721741993588,0.7104933828050152,-0.27563444261342734,-0.8579809951275721,-0.044394119358453395,0.3370349872775706,0.14886338591448275,0.5849625007211562,-0.20645087746742632,0.16131615213149103
ENSG00000161526/SAP30BP,0.36257007938470837,0.6520766965796931,0.19264507794239583,-0.3219280948873623,0.6780719051126377,1.0,0.7369655941662062,0.0,-0.22239242133644802,-0.19264507794239588,-0.3219280948873623,0.32192809488736235,0.32192809488736235,0.0,0.19264507794239583,0.48542682717024166,0.1618028279875517
ENSG00000186010/NDUFA13,1.222392421336448,0.41503749927884376,0.7369655941662062,0.0,-0.15200309344504995,1.1375035237499351,0.8073549220576041,0.48542682717024166,0.48542682717024166,0.7369655941662062,0.5849625007211562,0.41503749927884376,0.32192809488736235,0.45943161863729726,0.16992500144231237,1.222392421336448,0.16184242948386235
ENSG00000168701/TMEM208,0.874469117916141,0.22239242133644802,0.41503749927884376,0.32192809488736235,0.12029423371771175,0.5849625007211562,0.9385994553358568,0.7369655941662062,0.4405725913859814,0.7369655941662062,-0.2895066171949848,-0.16992500144231246,0.5849625007211562,0.15200309344505006,1.1154772174199359,0.874469117916141,0.16187091742758408
ENSG00000129084/PSMA1,1.5145731728297582,0.5145731728297582,1.4405725913859815,0.12553088208385882,0.32192809488736235,0.9175378398080271,0.8073549220576041,0.7884958948062882,0.6918777046376682,0.765534746362977,1.0,0.5305147166987798,1.0,0.11547721741993588,0.41503749927884376,0.5849625007211562,0.16188079382831916
ENSG00000078808/SDF4,0.08246216019197297,-0.18057224564182092,-0.08746284125033943,-0.777607578663552,0.3833286395515057,0.5305147166987798,0.667424660913129,0.45943161863729726,0.19930880822340666,-0.08746284125033943,-0.3719687773869579,0.6040713236688608,0.3439544012173612,0.22948184612276717,0.28379296600059134,0.6713772525386293,0.1630403304599262
ENSG00000130985/UBA1,0.7369655941662062,0.18762700317577127,1.369233809665719,0.10535300014622853,-0.10962449117449813,1.0,1.0473057147783569,0.18057224564182084,0.2783011624871044,0.40209844357134567,0.5360529002402097,0.46234321405720047,0.070389327891398,0.11365678179556728,0.5178483048626192,0.32192809488736235,0.16517002684031787
ENSG00000024862/CCDC28A,0.07800251200127316,-0.36257007938470825,0.0,-1.1805722456418208,-0.5025003405291831,0.0,-0.1069152039165119,-0.8365012677171204,-0.5145731728297583,-0.2630344058337938,-0.15200309344504995,0.0,0.15200309344505006,-0.4405725913859815,-0.3785116232537297,-1.1154772174199359,0.16536797702912107
ENSG00000103415/HMOX2,0.32192809488736235,-0.6780719051126377,0.8073549220576041,0.2630344058337938,-0.36257007938470825,0.13750352374993502,0.15200309344505006,0.37851162325372983,0.0,0.5849625007211562,0.41503749927884376,0.6520766965796931,-0.34792330342030686,0.2630344058337938,0.2630344058337938,0.6780719051126377,0.1654731689203624
ENSG00000184432/COPB2,0.8300749985576875,0.0,1.078002512001273,-0.09310940439148147,0.0,0.5405683813627028,0.5849625007211562,0.6166713604484945,0.819427754358179,1.1154772174199359,0.6166713604484945,0.6463630453852995,0.6520766965796931,-0.27563444261342734,0.6214883767462702,0.37196877738695794,0.16587221786824516
ENSG00000086232/EIF2AK1,0.11547721741993588,-0.061400544664143256,0.3692338096657191,0.29956028185890793,0.12029423371771175,0.8365012677171206,1.0,0.8624964762500651,0.8981203859807864,0.9475325801058645,0.5025003405291834,0.7243655573865726,1.078002512001273,0.0,1.1219905243786104,0.3119440063147403,0.16634958118693655
ENSG00000167468/GPX4,0.7369655941662062,-0.5305147166987798,0.5972408304995929,0.48542682717024166,0.21538903359868547,0.448758117122845,0.9098021910284219,0.24327115101236388,0.13897641314881048,0.4749089552562425,0.9296106721086019,0.49845350746648137,0.16992500144231237,0.7333543406138273,-0.13275520885177156,1.0,0.16676772986604105
ENSG00000120314/WDR55,0.32192809488736235,1.1699250014423124,0.32192809488736235,0.41503749927884376,0.41503749927884376,0.7369655941662062,1.0,0.41503749927884376,-0.4150374992788438,0.32192809488736235,0.32192809488736235,1.0,0.41503749927884376,0.0,1.0,0.41503749927884376,0.16692392186511873
ENSG00000178057/NDUFAF3,0.5849625007211562,-0.5849625007211563,0.7369655941662062,0.12199052437861026,-0.5305147166987798,0.15200309344505006,1.0,-0.07038932789139803,0.0,0.21150410519371182,-0.16992500144231246,-0.05246741989413554,0.20645087746742624,0.2801079191927352,0.2801079191927352,0.14684138832927118,0.16767034501078512
ENSG00000270101/ENSG00000270101,0.32192809488736235,0.8073549220576041,0.0,-0.4150374992788438,0.0,0.7369655941662062,0.0,-0.3219280948873623,0.0,-0.3219280948873623,-0.4150374992788438,0.0,0.5849625007211562,0.0,-0.5849625007211563,0.0,0.16834055320603294
ENSG00000144029/MRPS5,1.1699250014423124,0.5849625007211562,1.1699250014423124,0.0,-0.16992500144231246,0.5145731728297582,0.5849625007211562,0.48542682717024166,0.22239242133644802,0.0,-0.3219280948873623,0.32192809488736235,0.48542682717024166,0.22239242133644802,0.22239242133644802,0.41503749927884376,0.16890019130747413
